entity_id,sku,brand,name,"Brand Name",Name
6400,227-120,"Durham Furniture","Durham Furniture Manhattan Queen Slat Bed Complete 227-120","Durham Furniture","Durham Furniture Manhattan Queen Slat Bed Complete 227-120"
6542,pb5YEARWARRANTY2,,"Guardian 5 Year Furniture Warranty",,"Guardian 5 Year Furniture Warranty"
6661,227-144,"Durham Furniture","Durham Furniture Manhattan King Panel Bed Complete 227-144","Durham Furniture","Durham Furniture Manhattan King Panel Bed Complete 227-144"
6663,227-140,"Durham Furniture","Durham Furniture Manhattan King Slat Bed Complete 227-140","Durham Furniture","Durham Furniture Manhattan King Slat Bed Complete 227-140"
6674,1605-134,"Durham Furniture","Durham Furniture Brookline Queen Panel Bed 1605-134","Durham Furniture","Durham Furniture Brookline Queen Panel Bed 1605-134"
6675,1605-144,"Durham Furniture","Durham Furniture Brookline King Panel Bed 1605-144","Durham Furniture","Durham Furniture Brookline King Panel Bed 1605-144"
6676,1605-127,"Durham Furniture","Durham Furniture Brookline Queen Sleigh Bed 1605-127","Durham Furniture","Durham Furniture Brookline Queen Sleigh Bed 1605-127"
6677,1605-147,"Durham Furniture","Durham Furniture Brookline King Sleigh Bed 1605-147","Durham Furniture","Durham Furniture Brookline King Sleigh Bed 1605-147"
6678,1004-132,"Durham Furniture","Lorraine Queen Bed 1004-132","Durham Furniture","Lorraine Queen Bed 1004-132"
6679,1004-142,"Durham Furniture","Lorraine King Bed 1004-142","Durham Furniture","Lorraine King Bed 1004-142"
6680,1004-128,"Durham Furniture","Durham Furniture Lorraine Queen Sleigh Bed 1004-128","Durham Furniture","Durham Furniture Lorraine Queen Sleigh Bed 1004-128"
6681,1004-148,"Durham Furniture","Durham Furniture Lorraine King Sleigh Bed 1004-148","Durham Furniture","Durham Furniture Lorraine King Sleigh Bed 1004-148"
7052,303-BR05;303-BR06;303-BR72,Liberty,"Liberty Furniture Ocean Isle Queen Poster Bed 303-BR05",Liberty,"Liberty Furniture Ocean Isle Queen Poster Bed 303-BR05"
7053,341-BR21F;341-BR21H;341-BR21R,Liberty,"Liberty Furniture Hamilton Queen Sleigh Bed 341-BR21",Liberty,"Liberty Furniture Hamilton Queen Sleigh Bed 341-BR21"
7104,200711KWB1;200711KWB2;200711KWB3,Coaster,"Jessica California King Platform Wood Bed with Rail Seating Cappuccino",Coaster,"Jessica California King Platform Wood Bed with Rail Seating Cappuccino"
7106,5631QB1;5631QB2;5631QB3;5631QB4,Coaster,"Coaster Stuart Queen Platform Bed in Cappuccino 5631Q",Coaster,"Coaster Stuart Queen Platform Bed in Cappuccino 5631Q"
8371,139-167,"Durham Furniture","Durham Furniture Metro East Lingerie Chest 139-167","Durham Furniture","Durham Furniture Metro East Lingerie Chest 139-167"
8447,21406,ACME,"ACME Abram Five Drawer Concave Chest in Espresso 21406",ACME,"ACME Abram Five Drawer Concave Chest in Espresso 21406"
8450,22368,ACME,"ACME Abramson Traditional Five Drawer Chest in Cherry 22368",ACME,"ACME Abramson Traditional Five Drawer Chest in Cherry 22368"
8452,21436,ACME,"ACME Ajay Six Drawer Chest in Espresso 21436",ACME,"ACME Ajay Six Drawer Chest in Espresso 21436"
8453,21433,ACME,"ACME Ajay Two Drawer Nightstand in Espresso 21433",ACME,"ACME Ajay Two Drawer Nightstand in Espresso 21433"
8454,20566,ACME,"ACME Cayden Chest in Merlot 20566",ACME,"ACME Cayden Chest in Merlot 20566"
8458,21556,ACME,"ACME Cleveland Traditional Drawer Chest in Dark Cherry 21556",ACME,"ACME Cleveland Traditional Drawer Chest in Dark Cherry 21556"
8469,20736,ACME,"ACME Estrella Chest of Drawers in Dark Cherry 20736",ACME,"ACME Estrella Chest of Drawers in Dark Cherry 20736"
8480,30246,ACME,"ACME Estrella Youth Chest in White",ACME,"ACME Estrella Youth Chest in White"
8481,21476,ACME,"ACME Hailee Elegant Eight Drawer Chest in Black 21476",ACME,"ACME Hailee Elegant Eight Drawer Chest in Black 21476"
8482,20406,ACME,"ACME Ilana Contemporary Five Drawer Chest in Brown Cherry",ACME,"ACME Ilana Contemporary Five Drawer Chest in Brown Cherry"
8484,30151,ACME,"ACME Ira Youth French Style Drawer Chest in White 30151",ACME,"ACME Ira Youth French Style Drawer Chest in White 30151"
8486,20459,ACME,"ACME Konane Drawer Chest with Curved Beveled Front Panels in Brown Cherry 20459",ACME,"ACME Konane Drawer Chest with Curved Beveled Front Panels in Brown Cherry 20459"
8487,22446,ACME,"ACME Merivale Chest with Jewelry Tray Drawer in Black 22446",ACME,"ACME Merivale Chest with Jewelry Tray Drawer in Black 22446"
8489,22426,ACME,"ACME Merivale Chest with Jewelry Tray Drawer in White 22426",ACME,"ACME Merivale Chest with Jewelry Tray Drawer in White 22426"
8491,30107,ACME,"ACME Nebo Charming Youth Chest of Drawers 30107",ACME,"ACME Nebo Charming Youth Chest of Drawers 30107"
8492,20706,ACME,"Acme Quenisha Old World Seven Drawer Chest in Cherry/Dark Brown 20706",ACME,"Acme Quenisha Old World Seven Drawer Chest in Cherry/Dark Brown 20706"
8495,30178,ACME,"Acme Sweetheart French Inspired Youth Drawer Chest in White 30178",ACME,"Acme Sweetheart French Inspired Youth Drawer Chest in White 30178"
8497,20526,ACME,"Acme Travell Contemporary Drawer Chest with Five Drawers in Walnut 20526",ACME,"Acme Travell Contemporary Drawer Chest with Five Drawers in Walnut 20526"
8500,20506,ACME,"Acme Vevila Chest of Drawers in Cherry Brown 20506",ACME,"Acme Vevila Chest of Drawers in Cherry Brown 20506"
8504,20637,ACME,"Acme Veradisia Traditional Style Drawer Chest in Dark Cherry 20637",ACME,"Acme Veradisia Traditional Style Drawer Chest in Dark Cherry 20637"
8538,21866,ACME,"Acme Gwyneth Five Drawer Chest in Cherry 21866",ACME,"Acme Gwyneth Five Drawer Chest in Cherry 21866"
8540,21866A,ACME,"Acme Gwyneth Traditional Five Drawer Chest in Cherry 21866A",ACME,"Acme Gwyneth Traditional Five Drawer Chest in Cherry 21866A"
8558,22316,ACME,"Acme Nathaneal Traditional Five Drawer Chest with Decorative Carving in Tobacco 22316",ACME,"Acme Nathaneal Traditional Five Drawer Chest with Decorative Carving in Tobacco 22316"
8559,22319,ACME,"Acme Nathaneal Traditional Lingerie Chest in Tobacco 22319",ACME,"Acme Nathaneal Traditional Lingerie Chest in Tobacco 22319"
8561,22006,ACME,"Acme Vendome Traditional Drawer Chest in Cherry",ACME,"Acme Vendome Traditional Drawer Chest in Cherry"
8592,258-166-SOMA,"Durham Furniture","Durham Furniture Soma 4-Drawer Junior Chest 258-166-SOMA","Durham Furniture","Durham Furniture Soma 4-Drawer Junior Chest 258-166-SOMA"
8593,258-167-SOMA,"Durham Furniture","Durham Furniture Soma 6-Drawer Tower 258-167-SOMA","Durham Furniture","Durham Furniture Soma 6-Drawer Tower 258-167-SOMA"
8600,131-167,"Durham Furniture","Durham Furniture Glen Terrace 6-Drawer Lingerie Chest 131-167","Durham Furniture","Durham Furniture Glen Terrace 6-Drawer Lingerie Chest 131-167"
8679,I65-455,Aspenhome,"Aspenhome Ravenwood 7-Drawer Chesser in Antique Black I65-455",Aspenhome,"Aspenhome Ravenwood 7-Drawer Chesser in Antique Black I65-455"
8681,I65-486,Aspenhome,"Aspenhome Ravenwood Liv360 Entertainment Chest in Antique Black I65-486",Aspenhome,"Aspenhome Ravenwood Liv360 Entertainment Chest in Antique Black I65-486"
8714,I67-456,Aspenhome,"Aspenhome Cottonwood 5-Drawer Chest in Linen White I67-456",Aspenhome,"Aspenhome Cottonwood 5-Drawer Chest in Linen White I67-456"
8715,I67-486,Aspenhome,"Aspenhome Cottonwood Liv360 Entertainment Chest in Linen White I67-486",Aspenhome,"Aspenhome Cottonwood Liv360 Entertainment Chest in Linen White I67-486"
8735,I09-456,Aspenhome,"Aspenhome Alder Creek 5-Drawer Chest in Butterscotch I09-456",Aspenhome,"Aspenhome Alder Creek 5-Drawer Chest in Butterscotch I09-456"
8736,I09-486,Aspenhome,"Aspenhome Alder Creek Liv360 Entertainment Chest in Butterscotch I09-486",Aspenhome,"Aspenhome Alder Creek Liv360 Entertainment Chest in Butterscotch I09-486"
8955,22466,ACME,"Acme Furniture Aria 5 Drawer Chest in Natural Oak 22466",ACME,"Acme Furniture Aria 5 Drawer Chest in Natural Oak 22466"
8960,24306,ACME,"Acme Furniture Efraim 5 Drawer Chest in Espresso 24306",ACME,"Acme Furniture Efraim 5 Drawer Chest in Espresso 24306"
8985,5870-07,"Fairfax Home Furnishings","Fairfax Home Furnishings Verona 5-Drawer Chest in Warm Cherry 5870-07","Fairfax Home Furnishings","Fairfax Home Furnishings Verona 5-Drawer Chest in Warm Cherry 5870-07"
8986,5870-05,"Fairfax Home Furnishings","Fairfax Home Furnishings Verona Entertainment Chest in Warm Cherry 5870-05","Fairfax Home Furnishings","Fairfax Home Furnishings Verona Entertainment Chest in Warm Cherry 5870-05"
8987,6535-07,"Fairfax Home Furnishings","Fairfax Home Furnishings Patterson 5-Drawer Chest in Rich Pecan 6535-07","Fairfax Home Furnishings","Fairfax Home Furnishings Patterson 5-Drawer Chest in Rich Pecan 6535-07"
8988,6535-05,"Fairfax Home Furnishings","Fairfax Home Furnishings Patterson Entertainment Chest in Rich Pecan 6535-05","Fairfax Home Furnishings","Fairfax Home Furnishings Patterson Entertainment Chest in Rich Pecan 6535-05"
8992,9100-07,"Fairfax Home Furnishings","Fairfax Home Furnishings Champagne 6-Drawer Chest in Metallic Silver 9100-07","Fairfax Home Furnishings","Fairfax Home Furnishings Champagne 6-Drawer Chest in Metallic Silver 9100-07"
8994,9350-30,"Fairfax Home Furnishings","Fairfax Home Furnishings Waverly Place 5-Drawer Chest in Rich Cherry 9350-30","Fairfax Home Furnishings","Fairfax Home Furnishings Waverly Place 5-Drawer Chest in Rich Cherry 9350-30"
9030,227-168,"Durham Furniture","Durham Furniture Manhattan Seven Day Chest 227-168","Durham Furniture","Durham Furniture Manhattan Seven Day Chest 227-168"
9031,227-157,"Durham Furniture","Durham Furniture Manhattan Tall Chest 227-157","Durham Furniture","Durham Furniture Manhattan Tall Chest 227-157"
9086,1605-160,"Durham Furniture","Durham Furniture Brookline Amoire 1605-160","Durham Furniture","Durham Furniture Brookline Amoire 1605-160"
9087,1605-204,"Durham Furniture","Durham Furniture Brookline Bedside Chest 1605-204","Durham Furniture","Durham Furniture Brookline Bedside Chest 1605-204"
9088,1605-157,"Durham Furniture","Durham Furniture Brookline Chest on Chest 1605-157","Durham Furniture","Durham Furniture Brookline Chest on Chest 1605-157"
9089,1605-165;1605-165,"Durham Furniture","Durham Furniture Brookline Bachelors Chest with Deck 1605-165/166","Durham Furniture","Durham Furniture Brookline Bachelors Chest with Deck 1605-165/166"
9090,1605-166,"Durham Furniture","Durham Furniture Brookline Bachelors Chest 1605-166","Durham Furniture","Durham Furniture Brookline Bachelors Chest 1605-166"
9095,1605-167,"Durham Furniture","Durham Furniture Brookline Lingerie Chest 1605-167","Durham Furniture","Durham Furniture Brookline Lingerie Chest 1605-167"
9096,1605-169,"Durham Furniture","Durham Furniture Brookline Dressing Chest 1605-169","Durham Furniture","Durham Furniture Brookline Dressing Chest 1605-169"
9097,76-105,Kincaid,"Weatherford Hamilton Chest In Heather",Kincaid,"Weatherford Hamilton Chest In Heather"
9104,1004-160,"Durham Furniture","Durham Furniture Lorraine Amoire 1004-160","Durham Furniture","Durham Furniture Lorraine Amoire 1004-160"
9105,1004-204,"Durham Furniture","Durham Furniture Lorraine Bedside Chest 1004-204","Durham Furniture","Durham Furniture Lorraine Bedside Chest 1004-204"
9106,1004-156,"Durham Furniture","Durham Furniture Lorraine Chest 1004-156","Durham Furniture","Durham Furniture Lorraine Chest 1004-156"
9107,1004-165;1004-166,"Durham Furniture","Durham Furniture Lorraine Bachelors Chest with Deck 1004-165/166","Durham Furniture","Durham Furniture Lorraine Bachelors Chest with Deck 1004-165/166"
9108,1004-166,"Durham Furniture","Durham Furniture Lorraine Bachelors Chest 1004-166","Durham Furniture","Durham Furniture Lorraine Bachelors Chest 1004-166"
9246,4910-2300,"Legacy Classic Kids","Legacy Classic Kids Harmony 6 Drawer Lingerie Chest in Antique Linen White 4910-2300","Legacy Classic Kids","Legacy Classic Kids Harmony 6 Drawer Lingerie Chest in Antique Linen White 4910-2300"
9302,24446,ACME,"ACME Arielle 5-Drawer Chest in Rich Oak 24446",ACME,"ACME Arielle 5-Drawer Chest in Rich Oak 24446"
9417,145-166-GRST,"Durham Furniture","Durham Furniture Springville Collection Bachelors Chest in Greystone 145-166-GRST","Durham Furniture","Durham Furniture Springville Collection Bachelors Chest in Greystone 145-166-GRST"
9419,145-167-BARK,"Durham Furniture","Durham Furniture Springville Collection Lingerie Chest in Bark 145-167-BARK","Durham Furniture","Durham Furniture Springville Collection Lingerie Chest in Bark 145-167-BARK"
9917,5633,Coaster,"Coaster Stuart Dresser in Cappuccino 5633",Coaster,"Coaster Stuart Dresser in Cappuccino 5633"
10168,ACM-00741,ACME,"Acme Floresville 7-Drawer Dresser in Pink 00741",ACME,"Acme Floresville 7-Drawer Dresser in Pink 00741"
10195,ACM-01665,ACME,"Acme Flora Door Dresser in White 01665",ACME,"Acme Flora Door Dresser in White 01665"
10196,ACM-01685,ACME,"Acme Flora 6-Drawer Dresser in White 01685",ACME,"Acme Flora 6-Drawer Dresser in White 01685"
10213,I68-454,Aspenhome,"Aspenhome Tamarind Seven Drawer Dresser in Chutney I68-454",Aspenhome,"Aspenhome Tamarind Seven Drawer Dresser in Chutney I68-454"
10216,I68-455,Aspenhome,"Aspenhome Tamarind Nine Drawer Chesser in Chutney I68-455",Aspenhome,"Aspenhome Tamarind Nine Drawer Chesser in Chutney I68-455"
10220,ACM-04165,ACME,"Acme Ireland 8-Drawer Dresser in Black",ACME,"Acme Ireland 8-Drawer Dresser in Black"
10221,ICB-454-BCH,Aspenhome,"Aspenhome Cambridge Double Dresser in Brown Cherry ICB-454-BCH",Aspenhome,"Aspenhome Cambridge Double Dresser in Brown Cherry ICB-454-BCH"
10222,ICB-454-EGG,Aspenhome,"Aspenhome Cambridge Double Dresser in Eggshell ICB-454-EGG",Aspenhome,"Aspenhome Cambridge Double Dresser in Eggshell ICB-454-EGG"
10223,ICB-454-BLK,Aspenhome,"Aspenhome Cambridge Double Dresser in Black ICB-454-BLK",Aspenhome,"Aspenhome Cambridge Double Dresser in Black ICB-454-BLK"
10224,ICB-455-BLK,Aspenhome,"Aspenhome Cambridge Chesser in Black ICB-455-BLK",Aspenhome,"Aspenhome Cambridge Chesser in Black ICB-455-BLK"
10226,ICB-455-EGG,Aspenhome,"Aspenhome Cambridge Chesser in Eggshell ICB-455-EGG",Aspenhome,"Aspenhome Cambridge Chesser in Eggshell ICB-455-EGG"
10229,ICB-455-BCH,Aspenhome,"Aspenhome Cambridge Chesser in Brown Cherry ICB-455-BCH",Aspenhome,"Aspenhome Cambridge Chesser in Brown Cherry ICB-455-BCH"
10230,ICB-555-BCH,Aspenhome,"Aspenhome Cambridge Chesser in Brown Cherry ICB-555-BCH",Aspenhome,"Aspenhome Cambridge Chesser in Brown Cherry ICB-555-BCH"
10232,ICB-555-EGG,Aspenhome,"Aspenhome Cambridge Chesser in Eggshell ICB-555-EGG",Aspenhome,"Aspenhome Cambridge Chesser in Eggshell ICB-555-EGG"
10233,ICB-554-BCH,Aspenhome,"Aspenhome Cambridge Dresser in Brown Cherry ICB-554-BCH",Aspenhome,"Aspenhome Cambridge Dresser in Brown Cherry ICB-554-BCH"
10234,ICB-554-EGG,Aspenhome,"Aspenhome Cambridge Dresser in Eggshell ICB-554-EGG",Aspenhome,"Aspenhome Cambridge Dresser in Eggshell ICB-554-EGG"
10235,ACM-04745,ACME,"Acme Newville Door and Drawer Dresser in Ebony Black 04745",ACME,"Acme Newville Door and Drawer Dresser in Ebony Black 04745"
10238,ACM-04998,ACME,"Acme San Marino Youth 9-Drawer Dresser in Dark Walnut 04998",ACME,"Acme San Marino Youth 9-Drawer Dresser in Dark Walnut 04998"
10241,I74-454,Aspenhome,"Aspenhome Napa Master Dresser in Cherry I74-454",Aspenhome,"Aspenhome Napa Master Dresser in Cherry I74-454"
10245,I70-455-DK,Aspenhome,"Aspenhome Bayfield Chesser in Dark Mahogany I70-455-DK",Aspenhome,"Aspenhome Bayfield Chesser in Dark Mahogany I70-455-DK"
10246,IKJ-454,Aspenhome,"Aspenhome Kensington Double Dresser in Java IKJ-454",,
